doc_id,timestamp,timestamp_local,type,user
1OAmbx1hgx7hAQOXmNnUdHW2KtXmg2PNrSuUmWdthJtE,2025-03-22T16:21:09.676Z,2025-03-22 09:21:09 PDT,edit,Unknown
1OAmbx1hgx7hAQOXmNnUdHW2KtXmg2PNrSuUmWdthJtE,2025-03-22T16:21:53.946Z,2025-03-22 09:21:53 PDT,edit,Unknown
1OAmbx1hgx7hAQOXmNnUdHW2KtXmg2PNrSuUmWdthJtE,2025-03-22T16:24:09.948Z,2025-03-22 09:24:09 PDT,edit,Unknown
1OAmbx1hgx7hAQOXmNnUdHW2KtXmg2PNrSuUmWdthJtE,2025-03-22T16:27:10.647Z,2025-03-22 09:27:10 PDT,edit,Unknown
1OAmbx1hgx7hAQOXmNnUdHW2KtXmg2PNrSuUmWdthJtE,2025-03-22T16:30:11.735Z,2025-03-22 09:30:11 PDT,edit,Unknown
1OAmbx1hgx7hAQOXmNnUdHW2KtXmg2PNrSuUmWdthJtE,2025-03-22T17:11:53.098Z,2025-03-22 10:11:53 PDT,edit,Unknown
1OAmbx1hgx7hAQOXmNnUdHW2KtXmg2PNrSuUmWdthJtE,2025-03-22T17:12:51.240Z,2025-03-22 10:12:51 PDT,edit,Unknown
1OAmbx1hgx7hAQOXmNnUdHW2KtXmg2PNrSuUmWdthJtE,2025-03-22T17:14:54.272Z,2025-03-22 10:14:54 PDT,edit,Unknown
1OAmbx1hgx7hAQOXmNnUdHW2KtXmg2PNrSuUmWdthJtE,2025-03-22T21:09:59.911Z,2025-03-22 14:09:59 PDT,edit,Unknown
1OAmbx1hgx7hAQOXmNnUdHW2KtXmg2PNrSuUmWdthJtE,2025-03-22T21:13:01.070Z,2025-03-22 14:13:01 PDT,edit,Unknown
1OAmbx1hgx7hAQOXmNnUdHW2KtXmg2PNrSuUmWdthJtE,2025-03-22T21:16:01.652Z,2025-03-22 14:16:01 PDT,edit,Unknown
1OAmbx1hgx7hAQOXmNnUdHW2KtXmg2PNrSuUmWdthJtE,2025-03-23T01:32:50.742Z,2025-03-22 18:32:50 PDT,edit,Unknown
1OAmbx1hgx7hAQOXmNnUdHW2KtXmg2PNrSuUmWdthJtE,2025-03-23T01:35:51.739Z,2025-03-22 18:35:51 PDT,edit,Unknown
1OAmbx1hgx7hAQOXmNnUdHW2KtXmg2PNrSuUmWdthJtE,2025-08-09T23:03:43.640Z,2025-08-09 16:03:43 PDT,comment,Unknown
